"Language","original","german","english","czech","russian","polish","hungarian","italian","spanish","french","chinese","japanese","portuguese","chinesesimp",
"vpp_focus_on_game","[Hold/2xTap] Focus On Game","[Hold/2xTap] Focus On Game","[Hold/2xTap] Focus On Game","[Hold/2xTap] Focus On Game","[Hold/2xTap] Focus On Game","[Hold/2xTap] Focus On Game","[Hold/2xTap] Focus On Game","[Hold/2xTap] Focus On Game","[Hold/2xTap] Focus On Game","[Hold/2xTap] Focus On Game","[按住/雙擊] 聚焦遊戲","[Hold/2xTap] Focus On Game","[Hold/2xTap] Focus On Game","[按住/双击] 聚焦游戏",
"vpp_settings_collapseesp","[2xTap] Expand/Collapse ESP Player Details","[2xTap] Expand/Collapse ESP Player Details","[2xTap] Expand/Collapse ESP Player Details","[2xTap] Expand/Collapse ESP Player Details","[2xTap] Expand/Collapse ESP Player Details","[2xTap] Expand/Collapse ESP Player Details","[2xTap] Expand/Collapse ESP Player Details","[2xTap] Expand/Collapse ESP Player Details","[2xTap] Expand/Collapse ESP Player Details","[2xTap] Expand/Collapse ESP Player Details","[雙擊] 展開/摺疊 ESP 玩家詳情","[2xTap] Expand/Collapse ESP Player Details","[2xTap] Expand/Collapse ESP Player Details","[双击] 展开/折叠 ESP 玩家详情",
"vpp_settings_toggleplayerdetail","[2xTap] Expand/Collapse ESP Player Details","[2xTap] Expand/Collapse ESP Player Details","[2xTap] Expand/Collapse ESP Player Details","[2xTap] Expand/Collapse ESP Player Details","[2xTap] Expand/Collapse ESP Player Details","[2xTap] Expand/Collapse ESP Player Details","[2xTap] Expand/Collapse ESP Player Details","[2xTap] Expand/Collapse ESP Player Details","[2xTap] Expand/Collapse ESP Player Details","[2xTap] Expand/Collapse ESP Player Details","[雙擊] 展開/摺疊 ESP 玩家詳情","[2xTap] Expand/Collapse ESP Player Details","[2xTap] Expand/Collapse ESP Player Details","[双击] 展开/折叠 ESP 玩家详情",
"vpp_settings_openadmintools","Open Toolbar","Open Toolbar","Open Toolbar","Open Toolbar","Open Toolbar","Open Toolbar","Open Toolbar","Open Toolbar","Open Toolbar","Open Toolbar","打開工具欄","Open Toolbar","Open Toolbar","打开工具栏",
"vpp_settings_toggleadmintools","Toggle Tools, Keybinds & Privileges","Toggle Tools, Keybinds & Privileges","Toggle Tools, Keybinds & Privileges","Toggle Tools, Keybinds & Privileges","Toggle Tools, Keybinds & Privileges","Toggle Tools, Keybinds & Privileges","Toggle Tools, Keybinds & Privileges","Toggle Tools, Keybinds & Privileges","Toggle Tools, Keybinds & Privileges","Toggle Tools, Keybinds & Privileges","切換工具、快捷鍵和權限","Toggle Tools, Keybinds & Privileges","Toggle Tools, Keybinds & Privileges","切换工具、快捷键和权限",
"vpp_settings_teleporttocrosshair","Teleport to Crosshair","Teleport to Crosshair","Teleport to Crosshair","Teleport to Crosshair","Teleport to Crosshair","Teleport to Crosshair","Teleport to Crosshair","Teleport to Crosshair","Teleport to Crosshair","Teleport to Crosshair","傳送到準星位置","Teleport to Crosshair","Teleport to Crosshair","传送到准星位置",
"vpp_settings_deleteobjectatcrosshair","Delete Object at Crosshair","Delete Object at Crosshair","Delete Object at Crosshair","Delete Object at Crosshair","Delete Object at Crosshair","Delete Object at Crosshair","Delete Object at Crosshair","Delete Object at Crosshair","Delete Object at Crosshair","Delete Object at Crosshair","刪除準星處的對象","Delete Object at Crosshair","Delete Object at Crosshair","删除准星处的对象",
"vpp_settings_togglegodmode","Toggle GodMode","Toggle GodMode","Toggle GodMode","Toggle GodMode","Toggle GodMode","Toggle GodMode","Toggle GodMode","Toggle GodMode","Toggle GodMode","Toggle GodMode","切換上帝模式","Toggle GodMode","Toggle GodMode","切换上帝模式",
"vpp_settings_copyposition","Copy position to clipboard","Copy position to clipboard","Copy position to clipboard","Copy position to clipboard","Copy position to clipboard","Copy position to clipboard","Copy position to clipboard","Copy position to clipboard","Copy position to clipboard","Copy position to clipboard","複製座標到剪貼板","Copy position to clipboard","Copy position to clipboard","复制坐标到剪贴板",
"vpp_settings_repairvehicle","Repair Vehicle at Crosshair","Repair Vehicle at Crosshair","Repair Vehicle at Crosshair","Repair Vehicle at Crosshair","Repair Vehicle at Crosshair","Repair Vehicle at Crosshair","Repair Vehicle at Crosshair","Repair Vehicle at Crosshair","Repair Vehicle at Crosshair","Repair Vehicle at Crosshair","修復準星處的載具","Repair Vehicle at Crosshair","Repair Vehicle at Crosshair","修复准星处的载具",
"vpp_settings_togglefreecam","Toggle Free Camera","Toggle Free Camera","Toggle Free Camera","Toggle Free Camera","Toggle Free Camera","Toggle Free Camera","Toggle Free Camera","Toggle Free Camera","Toggle Free Camera","Toggle Free Camera","切換自由相機","Toggle Free Camera","Toggle Free Camera","切换自由相机",
"vpp_settings_exitspectate","Exit Spectate Mode","Exit Spectate Mode","Exit Spectate Mode","Exit Spectate Mode","Exit Spectate Mode","Exit Spectate Mode","Exit Spectate Mode","Exit Spectate Mode","Exit Spectate Mode","Exit Spectate Mode","退出觀戰模式","Exit Spectate Mode","Exit Spectate Mode","退出观战模式",
"vpp_settings_selectobject","Select & move world objects (Object Builder)","Select & move world objects (Object Builder)","Select & move world objects (Object Builder)","Select & move world objects (Object Builder)","Select & move world objects (Object Builder)","Select & move world objects (Object Builder)","Select & move world objects (Object Builder)","Select & move world objects (Object Builder)","Select & move world objects (Object Builder)","Select & move world objects (Object Builder)","選擇並移動世界對象（物體構建器）","Select & move world objects (Object Builder)","Select & move world objects (Object Builder)","选择并移动世界对象（物体构建器）",
"vpp_settings_deselectobject","[Double Tap] Deselect (Object Builder)","[Double Tap] Deselect (Object Builder)","[Double Tap] Deselect (Object Builder)","[Double Tap] Deselect (Object Builder)","[Double Tap] Deselect (Object Builder)","[Double Tap] Deselect (Object Builder)","[Double Tap] Deselect (Object Builder)","[Double Tap] Deselect (Object Builder)","[Double Tap] Deselect (Object Builder)","[Double Tap] Deselect (Object Builder)","[雙擊] 取消選擇（物體構建器）","[Double Tap] Deselect (Object Builder)","[Double Tap] Deselect (Object Builder)","[双击] 取消选择（物体构建器）",
"vpp_settings_incrementaxis","Increment Axis (Object Builder)","Increment Axis (Object Builder)","Increment Axis (Object Builder)","Increment Axis (Object Builder)","Increment Axis (Object Builder)","Increment Axis (Object Builder)","Increment Axis (Object Builder)","Increment Axis (Object Builder)","Increment Axis (Object Builder)","Increment Axis (Object Builder)","增加軸向（物體構建器）","Increment Axis (Object Builder)","Increment Axis (Object Builder)","增加轴向（物体构建器）",
"vpp_settings_decrementaxis","Decrement Axis (Object Builder)","Decrement Axis (Object Builder)","Decrement Axis (Object Builder)","Decrement Axis (Object Builder)","Decrement Axis (Object Builder)","Decrement Axis (Object Builder)","Decrement Axis (Object Builder)","Decrement Axis (Object Builder)","Decrement Axis (Object Builder)","Decrement Axis (Object Builder)","減少軸向（物體構建器）","Decrement Axis (Object Builder)","Decrement Axis (Object Builder)","减少轴向（物体构建器）",
"vpp_settings_healtarget","Heal Self or Player on Crosshairs","Heal Self or Player on Crosshairs","Heal Self or Player on Crosshairs","Heal Self or Player on Crosshairs","Heal Self or Player on Crosshairs","Heal Self or Player on Crosshairs","Heal Self or Player on Crosshairs","Heal Self or Player on Crosshairs","Heal Self or Player on Crosshairs","Heal Self or Player on Crosshairs","治療自己或準星處的玩家","Heal Self or Player on Crosshairs","Heal Self or Player on Crosshairs","治疗自己或准星处的玩家",
"vpp_settings_surprise","Assign Me & Press Me ( ͡° ͜ʖ ͡°)","Assign Me & Press Me ( ͡° ͜ʖ ͡°)","Assign Me & Press Me ( ͡° ͜ʖ ͡°)","Assign Me & Press Me ( ͡° ͜ʖ ͡°)","Assign Me & Press Me ( ͡° ͜ʖ ͡°)","Assign Me & Press Me ( ͡° ͜ʖ ͡°)","Assign Me & Press Me ( ͡° ͜ʖ ͡°)","Assign Me & Press Me ( ͡° ͜ʖ ͡°)","Assign Me & Press Me ( ͡° ͜ʖ ͡°)","Assign Me & Press Me ( ͡° ͜ʖ ͡°)","綁定並按下我 ( ͡° ͜ʖ ͡°)","Assign Me & Press Me ( ͡° ͜ʖ ͡°)","Assign Me & Press Me ( ͡° ͜ʖ ͡°)","绑定并按下我 ( ͡° ͜ʖ ͡°)",
"vpp_settings_cmdconsole","Shortcut key to open commands console","Shortcut key to open commands console","Shortcut key to open commands console","Shortcut key to open commands console","Shortcut key to open commands console","Shortcut key to open commands console","Shortcut key to open commands console","Shortcut key to open commands console","Shortcut key to open commands console","Shortcut key to open commands console","打開命令控制台的快捷鍵","Shortcut key to open commands console","Shortcut key to open commands console","打开命令控制台的快捷键",
"vpp_settings_skeletons","Toggle Player Skeleton ESP","Toggle Player Skeleton ESP","Toggle Player Skeleton ESP","Toggle Player Skeleton ESP","Toggle Player Skeleton ESP","Toggle Player Skeleton ESP","Toggle Player Skeleton ESP","Toggle Player Skeleton ESP","Toggle Player Skeleton ESP","Toggle Player Skeleton ESP","切換玩家骨骼 ESP","Toggle Player Skeleton ESP","Toggle Player Skeleton ESP","切换玩家骨骼 ESP",
"vpp_settings_invisibility","Toggle Invisibility","Toggle Invisibility","Toggle Invisibility","Toggle Invisibility","Toggle Invisibility","Toggle Invisibility","Toggle Invisibility","Toggle Invisibility","Toggle Invisibility","Toggle Invisibility","切換隱身","Toggle Invisibility","Toggle Invisibility","切换隐身",
"vpp_settings_camforward","Camera move forward","Camera move forward","Camera move forward","Camera move forward","Camera move forward","Camera move forward","Camera move forward","Camera move forward","Camera move forward","Camera move forward","相機向前移動","Camera move forward","Camera move forward","相机向前移动",
"vpp_settings_cambackward","Camera move backward","Camera move backward","Camera move backward","Camera move backward","Camera move backward","Camera move backward","Camera move backward","Camera move backward","Camera move backward","Camera move backward","相機向後移動","Camera move backward","Camera move backward","相机向后移动",
"vpp_settings_camright","Camera move right","Camera move right","Camera move right","Camera move right","Camera move right","Camera move right","Camera move right","Camera move right","Camera move right","Camera move right","相機向右移動","Camera move right","Camera move right","相机向右移动",
"vpp_settings_camleft","Camera move left","Camera move left","Camera move left","Camera move left","Camera move left","Camera move left","Camera move left","Camera move left","Camera move left","Camera move left","相機向左移動","Camera move left","Camera move left","相机向左移动",
"vpp_settings_camup","Camera move up","Camera move up","Camera move up","Camera move up","Camera move up","Camera move up","Camera move up","Camera move up","Camera move up","Camera move up","相機向上移動","Camera move up","Camera move up","相机向上移动",
"vpp_settings_camdown","Camera move down","Camera move down","Camera move down","Camera move down","Camera move down","Camera move down","Camera move down","Camera move down","Camera move down","Camera move down","相機向下移動","Camera move down","Camera move down","相机向下移动",
"vpp_settings_camturbo","Camera turbo","Camera turbo","Camera turbo","Camera turbo","Camera turbo","Camera turbo","Camera turbo","Camera turbo","Camera turbo","Camera turbo","相機加速","Camera turbo","Camera turbo","相机加速",
"vpp_settings_rotateleft","Object Rotate (Object Builder)","Object Rotate (Object Builder)","Object Rotate (Object Builder)","Object Rotate (Object Builder)","Object Rotate (Object Builder)","Object Rotate (Object Builder)","Object Rotate (Object Builder)","Object Rotate (Object Builder)","Object Rotate (Object Builder)","Object Rotate (Object Builder)","旋轉對象（物體構建器）","Object Rotate (Object Builder)","Object Rotate (Object Builder)","旋转对象（物体构建器）",
"vpp_settings_rotateright","Object Rotate (Object Builder)","Object Rotate (Object Builder)","Object Rotate (Object Builder)","Object Rotate (Object Builder)","Object Rotate (Object Builder)","Object Rotate (Object Builder)","Object Rotate (Object Builder)","Object Rotate (Object Builder)","Object Rotate (Object Builder)","Object Rotate (Object Builder)","旋轉對象（物體構建器）","Object Rotate (Object Builder)","Object Rotate (Object Builder)","旋转对象（物体构建器）",
"vpp_settings_camshiftleft","Camera shift left","Camera shift left","Camera shift left","Camera shift left","Camera shift left","Camera shift left","Camera shift left","Camera shift left","Camera shift left","Camera shift left","相機左移","Camera shift left","Camera shift left","相机左移",
"vpp_settings_camshiftright","Camera shift right","Camera shift right","Camera shift right","Camera shift right","Camera shift right","Camera shift right","Camera shift right","Camera shift right","Camera shift right","Camera shift right","相機右移","Camera shift right","Camera shift right","相机右移",
"vpp_settings_camshiftup","Camera shift up","Camera shift up","Camera shift up","Camera shift up","Camera shift up","Camera shift up","Camera shift up","Camera shift up","Camera shift up","Camera shift up","相機上移","Camera shift up","Camera shift up","相机上移",
"vpp_settings_camshiftdown","Camera shift down","Camera shift down","Camera shift down","Camera shift down","Camera shift down","Camera shift down","Camera shift down","Camera shift down","Camera shift down","Camera shift down","相機下移","Camera shift down","Camera shift down","相机下移",
"vpp_settings_camspeedadd","Camera Speed increase","Camera Speed increase","Camera Speed increase","Camera Speed increase","Camera Speed increase","Camera Speed increase","Camera Speed increase","Camera Speed increase","Camera Speed increase","Camera Speed increase","增加相機速度","Camera Speed increase","Camera Speed increase","增加相机速度",
"vpp_settings_camspeeddeduct","Camera Speed decrease","Camera Speed decrease","Camera Speed decrease","Camera Speed decrease","Camera Speed decrease","Camera Speed decrease","Camera Speed decrease","Camera Speed decrease","Camera Speed decrease","Camera Speed decrease","減少相機速度","Camera Speed decrease","Camera Speed decrease","减少相机速度",
"vpp_settings_camfov","[Hold] Camera zoom in/out to change FOV","[Hold] Camera zoom in/out to change FOV","[Hold] Camera zoom in/out to change FOV","[Hold] Camera zoom in/out to change FOV","[Hold] Camera zoom in/out to change FOV","[Hold] Camera zoom in/out to change FOV","[Hold] Camera zoom in/out to change FOV","[Hold] Camera zoom in/out to change FOV","[Hold] Camera zoom in/out to change FOV","[Hold] Camera zoom in/out to change FOV","[按住] 相機縮放改變視野","[Hold] Camera zoom in/out to change FOV","[Hold] Camera zoom in/out to change FOV","[按住] 相机缩放改变视野",
"vpp_settings_toggleesp","Toggle ESP","Toggle ESP","Toggle ESP","Toggle ESP","Toggle ESP","Toggle ESP","Toggle ESP","Toggle ESP","Toggle ESP","Toggle ESP","切換 ESP","Toggle ESP","Toggle ESP","切换 ESP",
"vpp_menu_vpp","VPPAdminTools","VPPAdminTools","VPPAdminTools","VPPAdminTools","VPPAdminTools","VPPAdminTools","VPPAdminTools","VPPAdminTools","VPPAdminTools","VPPAdminTools","VPP管理工具","VPPAdminTools","VPPAdminTools","VPP管理工具",
"vpp_bind_unfocus","Toggle player/mouse control in menu","Toggle player/mouse control in menu","Toggle player/mouse control in menu","Toggle player/mouse control in menu","Toggle player/mouse control in menu","Toggle player/mouse control in menu","Toggle player/mouse control in menu","Toggle player/mouse control in menu","Toggle player/mouse control in menu","Toggle player/mouse control in menu","切換菜單中的玩家/鼠標控制","Toggle player/mouse control in menu","Toggle player/mouse control in menu","切换菜单中的玩家/鼠标控制",
"VSTR_MENU_PLAYERMANAGER","Player Manager","Spielerverwaltung","Player Manager","Správce hráčů","Менеджер игроков","Menedżer graczy","Játékoskezelő","Gestione giocatori","Gestor de jugadores","Gestionnaire de joueurs","玩家管理器","プレイヤーマネージャー","Gerenciador de jogadores","玩家管理器",
"VSTR_MENU_ITEMMANAGER","Items Spawner","Items Spawner","Items Spawner","Spawner předmětů","Спавн предметов","Spawner przedmiotów","Tárgy spawner","Spawner oggetti","Generador de objetos","Générateur d'objets","物品生成器","アイテムスポナー","Gerador de itens","物品生成器",
"VSTR_MENU_TELEPORTMANAGER","Teleport Tools","Teleport-Tools","Teleport Tools","Teleportovací nástroje","Инструменты телепорта","Narzędzia teleportacji","Teleport eszközök","Strumenti di teletrasporto","Herramientas de teletransporte","Outils de téléportation","傳送工具","テレポートツール","Ferramentas de teletransporte","传送工具",
"VSTR_MENU_ESPTOOLS","ESP Tools","ESP-Tools","ESP Tools","ESP nástroje","ESP инструменты","Narzędzia ESP","ESP eszközök","Strumenti ESP","Herramientas ESP","Outils ESP","ESP 工具","ESP ツール","Ferramentas ESP","ESP 工具",
"VSTR_MENU_CONSOLE","Console","Konsole","Console","Konzole","Консоль","Konsola","Konzol","Console","Consola","Console","控制台","コンソール","Console","控制台",
"VSTR_MENU_SERVERMANAGER","Server Settings","Servereinstellungen","Server Settings","Nastavení serveru","Настройки сервера","Ustawienia serwera","Szerverbeállítások","Impostazioni server","Configuración del servidor","Paramètres du serveur","伺服器設定","サーバー設定","Configurações do servidor","服务器设置",
"VSTR_MENU_WEATHERMANAGER","Weather Editor","Wetter-Editor","Weather Editor","Editor počasí","Редактор погоды","Edytor pogody","Időjárás szerkesztő","Editor meteo","Editor de clima","Éditeur météo","天氣編輯器","天気エディター","Editor de clima","天气编辑器",
"VSTR_MENU_OBJECTMANAGER","Object Builder","Objekt-Builder","Object Builder","Stavitel objektů","Конструктор объектов","Budowniczy obiektów","Objektum építő","Costruttore oggetti","Constructor de objetos","Constructeur d'objets","對象構建器","オブジェクトビルダー","Construtor de objetos","对象构建器",
"VSTR_MENU_BANSMANAGER","Bans Manager","Bann-Manager","Bans Manager","Správce banů","Менеджер банов","Menedżer banów","Ban kezelő","Gestione ban","Gestor de baneos","Gestionnaire de bans","封禁管理器","BANマネージャー","Gerenciador de banimentos","封禁管理器",
"VSTR_MENU_PERMISSIONSEDITOR","Permission Editor","Berechtigungseditor","Permission Editor","Editor oprávnění","Редактор прав","Edytor uprawnień","Jogosultság szerkesztő","Editor permessi","Editor de permisos","Éditeur de permissions","權限編輯器","権限エディター","Editor de permissões","权限编辑器",
"VSTR_MENU_WEBHOOKS","Webhooks","Webhooks","Webhooks","Webhooky","Вебхуки","Webhooks","Webhookok","Webhook","Webhooks","Webhooks","網絡鉤子","ウェブフック","Webhooks","网络钩子",
"VSTR_MENU_XMLEDITOR","XML Editor","XML-Editor","XML Editor","XML editor","XML редактор","Edytor XML","XML szerkesztő","Editor XML","Editor XML","Éditeur XML","XML編輯器","XMLエディター","Editor XML","XML编辑器",
"VSTR_LBL_SET_SCALE","Set Scale","Skalierung einstellen","Set Scale","Nastavit měřítko","Установить масштаб","Ustaw skalę","Méret beállítása","Imposta scala","Establecer escala","Définir l'échelle","更改體型","スケール設定","Definir escala","更改体型",
"VSTR_SLIDER_HEALTH","Health","Gesundheit","Health","Zdraví","Здоровье","Zdrowie","Egészség","Salute","Salud","Santé","生命值","体力","Saúde","生命值",
"VSTR_SLIDER_BLOOD","Blood","Blut","Blood","Krev","Кровь","Krew","Vér","Sangue","Sangre","Sang","血量","血液","Sangue","血量",
"VSTR_SLIDER_SHOCK","Shock","Schock","Shock","Šok","Шок","Wstrząs","Sokk","Shock","Choque","Choc","休克值","ショック","Choque","休克值",
"VSTR_SLIDER_WATER","Water","Wasser","Water","Voda","Вода","Woda","Víz","Acqua","Agua","Eau","水分","水分","Água","水分",
"VSTR_SLIDER_ENERGY","Energy","Energie","Energy","Energie","Энергия","Energia","Energia","Energia","Energía","Énergie","能量","エネルギー","Energia","能量",
"VSTR_BTN_REFRESH","Refresh","Aktualisieren","Refresh","Obnovit","Обновить","Odśwież","Frissítés","Aggiorna","Actualizar","Actualiser","刷新","更新","Atualizar","刷新",
"VSTR_LBL_POSITION","Position:","Position:","Position:","Pozice:","Позиция:","Pozycja:","Pozíció:","Posizione:","Posición:","Position:","座標位置:","位置:","Posição:","坐标位置:",
"VSTR_BTN_COPY","Copy","Kopieren","Copy","Kopírovat","Копировать","Kopiuj","Másolás","Copia","Copiar","Copier","複製","コピー","Copiar","复制",
"VSTR_LBL_SELECT_IN_PM","Select In PlayerManager","In Spielerverwaltung auswählen","Select In PlayerManager","Vybrat ve správci hráčů","Выбрать в менеджере игроков","Wybierz w menedżerze graczy","Kiválasztás a játékoskezelőben","Seleziona nel gestore giocatori","Seleccionar en el gestor de jugadores","Sélectionner dans le gestionnaire de joueurs","在玩家管理器中選擇","プレイヤーマネージャーで選択","Selecionar no gerenciador de jogadores","在玩家管理器中选择",
"VSTR_LBL_TELEPORT","Teleport:","Teleportieren:","Teleport:","Teleportovat:","Телепорт:","Teleportuj:","Teleportálás:","Teletrasporto:","Teletransportar:","Téléporter:","傳送:","テレポート:","Teletransportar:","传送:",
"VSTR_BTN_TP_TO_ME","To me","Zu mir","To me","Ke mně","Ко мне","Do mnie","Hozzám","A me","A mí","Vers moi","傳送到我","自分に","Para mim","传送到我",
"VSTR_BTN_TP_TO","To","Zu","To","K","К","Do","Ide","A","A","Vers","傳送到","へ","Para","传送到",
"VSTR_BTN_RETURN","Return","Zurück","Return","Vrátit","Вернуться","Powrót","Visszatérés","Ritorna","Volver","Retour","返回位置","戻る","Voltar","返回位置",
"VSTR_BTN_KILL","Kill","Töten","Kill","Zabít","Убить","Zabij","Megöl","Uccidi","Matar","Tuer","擊殺","殺す","Matar","击杀",
"VSTR_BTN_HEAL","Heal","Heilen","Heal","Vyléčit","Лечить","Wylecz","Gyógyít","Cura","Curar","Soigner","治癒","治療する","Curar","治愈",
"VSTR_CHK_FILTER_BY_SCOPE","Filter by scope","Nach Reichweite filtern","Filter by scope","Filtrovat podle dosahu","Фильтр по области","Filtruj według zakresu","Szűrés hatókör szerint","Filtra per raggio","Filtrar por alcance","Filtrer par portée","按範圍過濾","範囲でフィルター","Filtrar por alcance","按范围过滤",
"VSTR_LBL_ROTATION_STEP","Rotation Step:","Rotationsschritt:","Rotation Step:","Krok rotace:","Шаг вращения:","Krok obrotu:","Forgatási lépés:","Passo rotazione:","Paso de rotación:","Pas de rotation:","旋轉範圍:","回転ステップ:","Passo de rotação:","旋转范围:",
"VSTR_LBL_SELECTED_SET","Selected Set: (Name)","Ausgewähltes Set: (Name)","Selected Set: (Name)","Vybraná sada: (Název)","Выбранный набор: (Имя)","Wybrany zestaw: (Nazwa)","Kiválasztott készlet: (Név)","Set selezionato: (Nome)","Conjunto seleccionado: (Nombre)","Ensemble sélectionné: (Nom)","已選擇集合:(名稱)","選択されたセット:(名前)","Conjunto selecionado: (Nome)","已选择集合:(名称)",
"VSTR_LBL_ITEM_DISPLAY_NAME","Item Display Name","Elementname","Item Display Name","Název položky","Название элемента","Nazwa elementu","Elem megjelenítési neve","Nome visualizzato oggetto","Nombre mostrado del objeto","Nom affiché de l'objet","物品顯示名稱","アイテム表示名","Nome de exibição do item","物品显示名称",
"VSTR_LBL_VIEW_LOGS","View Logs","Protokolle anzeigen","View Logs","Zobrazit protokoly","Просмотр логов","Wyświetl logi","Naplók megtekintése","Visualizza log","Ver registros","Voir les journaux","查看日誌","ログを表示","Ver registros","查看日志",
"VSTR_LBL_POSITION_NAME","position name","Positionsname","position name","název pozice","название позиции","nazwa pozycji","pozíció neve","nome posizione","nombre de posición","nom de position","位置名稱","位置名","nome da posição","位置名称",
"VSTR_DIALOG_TITLE","Dialog","Dialog","Dialog","Dialog","Диалог","Dialog","Párbeszéd","Finestra dialogo","Diálogo","Dialogue","對話框","ダイアログ","Diálogo","对话框",
"VSTR_DIALOG_CONTENT","Dialog Content","Dialoginhalt","Dialog Content","Obsah dialogu","Содержимое диалога","Treść dialogu","Párbeszéd tartalma","Contenuto finestra","Contenido del diálogo","Contenu du dialogue","對話框內容","ダイアログコンテンツ","Conteúdo do diálogo","对话框内容",
"VSTR_YES","YES","JA","YES","ANO","ДА","TAK","IGEN","SI","SÍ","OUI","是","はい","SIM","是",
"VSTR_NO","NO","NEIN","NO","NE","НЕТ","NIE","NEM","NO","NO","NON","否","いいえ","NÃO","否",
"VSTR_PASTE","Paste","Einfügen","Paste","Vložit","Вставить","Wklej","Beillesztés","Incolla","Pegar","Coller","黏貼","貼り付け","Colar","粘贴",
"VSTR_OK","OK","OK","OK","OK","OK","OK","OK","OK","OK","OK","確定","OK","OK","确定",
"VSTR_CANCEL","CANCEL","ABBRECHEN","CANCEL","ZRUŠIT","ОТМЕНА","ANULUJ","MÉGSE","ANNULLA","CANCELAR","ANNULER","取消","キャンセル","CANCELAR","取消",
"VSTR_ENTER_VALUE","Enter Value","Wert eingeben","Enter Value","Zadat hodnotu","Введите значение","Wprowadź wartość","Érték megadása","Inserisci valore","Ingresar valor","Entrer une valeur","輸入數值","値を入力","Inserir valor","输入数值",
"VSTR_TEXT_EDITOR","Text Editor","Texteditor","Text Editor","Textový editor","Текстовый редактор","Edytor tekstu","Szövegszerkesztő","Editor di testo","Editor de texto","Éditeur de texte","文本編輯器","テキストエディター","Editor de texto","文本编辑器",
"VSTR_APPLY","Apply","Anwenden","Apply","Použít","Применить","Zastosuj","Alkalmaz","Applica","Aplicar","Appliquer","應用","適用","Aplicar","应用",
"VSTR_NEW_POSITION_NAME","New Position Name","Neuer Positionsname","New Position Name","Název nové pozice","Название новой позиции","Nazwa nowej pozycji","Új pozíció neve","Nuovo nome posizione","Nuevo nombre de posición","Nouveau nom de position","新位置名稱","新しい位置名","Novo nome de posição","新位置名称",
"VSTR_ENTER_NEW_LOCATION","Enter New Location Name:","Neuen Ortsnamen eingeben:","Enter New Location Name:","Zadat název nového místa:","Введите название новой локации:","Wprowadź nazwę nowej lokalizacji:","Új helyszín nevének megadása:","Inserisci nome nuova posizione:","Ingresar nuevo nombre de ubicación:","Entrer un nouveau nom de lieu:","輸入新位置名稱:","新しい場所名を入力:","Inserir novo nome de localização:","输入新位置名称:",
"VSTR_CLEAR_ALL","Clear All","Alles löschen","Clear All","Vymazat vše","Очистить всё","Wyczyść wszystko","Összes törlése","Cancella tutto","Limpiar todo","Tout effacer","清除全部","すべてクリア","Limpar tudo","清除全部",
"VSTR_CUSTOM_SUBMENU","CUSTOM SUB-MENU","BENUTZERDEFINIERTES UNTERMENÜ","CUSTOM SUB-MENU","VLASTNÍ PODNABÍDKA","ПОЛЬЗОВАТЕЛЬСКОЕ ПОДМЕНЮ","WŁASNE PODMENU","EGYÉNI ALMENÜ","SOTTOMENU PERSONALIZZATO","SUBMENÚ PERSONALIZADO","SOUS-MENU PERSONNALISÉ","自訂子菜單","カスタムサブメニュー","SUBMENU PERSONALIZADO","自定义子菜单",
"VSTR_CUSTOM_BUTTON","CUSTOM BUTTON","BENUTZERDEFINIERTE SCHALTFLÄCHE","CUSTOM BUTTON","VLASTNÍ TLAČÍTKO","ПОЛЬЗОВАТЕЛЬСКАЯ КНОПКА","WŁASNY PRZYCISK","EGYÉNI GOMB","PULSANTE PERSONALIZZATO","BOTÓN PERSONALIZADO","BOUTON PERSONNALISÉ","自訂按鈕","カスタムボタン","BOTÃO PERSONALIZADO","自定义按钮",
"VSTR_CAMERA_OPTIONS","VPPADMINTOOLS - CAMERA OPTIONS","VPPADMINTOOLS - KAMERA OPTIONEN","VPPADMINTOOLS - CAMERA OPTIONS","VPPADMINTOOLS - MOŽNOSTI KAMERY","VPPADMINTOOLS - НАСТРОЙКИ КАМЕРЫ","VPPADMINTOOLS - OPCJE KAMERY","VPPADMINTOOLS - KAMERA BEÁLLÍTÁSOK","VPPADMINTOOLS - OPZIONI TELECAMERA","VPPADMINTOOLS - OPCIONES DE CÁMARA","VPPADMINTOOLS - OPTIONS CAMÉRA","VPP管理工具 - 相機選項","VPPADMINTOOLS - カメラオプション","VPPADMINTOOLS - OPÇÕES DE CÂMERA","VPP管理工具 - 相机选项",
"VSTR_LBL_SHOW_DEAD_PLAYERS","Show Dead Players:","Tote Spieler anzeigen:","Show Dead Players:","Zobrazit mrtvé hráče:","Показать мёртвых игроков:","Pokaż martwych graczy:","Halott játékosok mutatása:","Mostra giocatori morti:","Mostrar jugadores muertos:","Afficher joueurs morts:","顯示死亡玩家:","死亡プレイヤーを表示:","Mostrar jogadores mortos:","显示死亡玩家:",
"VSTR_LBL_SHOW","Show","Anzeigen","Show","Zobrazit","Показать","Pokaż","Mutat","Mostra","Mostrar","Afficher","顯示","表示","Mostrar","显示",
"VSTR_LBL_RADIUS_DISPLAY","Radius:[{0}]","Radius:[{0}]","Radius:[{0}]","Poloměr:[{0}]","Радиус:[{0}]","Promień:[{0}]","Sugár:[{0}]","Raggio:[{0}]","Radio:[{0}]","Rayon:[{0}]","半徑:[{0}]","半径:[{0}]","Raio:[{0}]","半径:[{0}]",
"VSTR_COLOR_WHITE","White","Weiß","White","Bílá","Белый","Biały","Fehér","Bianco","Blanco","Blanc","白色","白","Branco","白色",
"VSTR_COLOR_GREEN","Green","Grün","Green","Zelená","Зелёный","Zielony","Zöld","Verde","Verde","Vert","綠色","緑","Verde","绿色",
"VSTR_COLOR_BLUE","Blue","Blau","Blue","Modrá","Синий","Niebieski","Kék","Blu","Azul","Bleu","藍色","青","Azul","蓝色",
"VSTR_COLOR_YELLOW","Yellow","Gelb","Yellow","Žlutá","Жёлтый","Żółty","Sárga","Giallo","Amarillo","Jaune","黃色","黄","Amarelo","黄色",
"VSTR_COLOR_ORANGE","Orange","Orange","Orange","Oranžová","Оранжевый","Pomarańczowy","Narancs","Arancione","Naranja","Orange","橙色","オレンジ","Laranja","橙色",
"VSTR_COLOR_RED","Red","Rot","Red","Červená","Красный","Czerwony","Piros","Rosso","Rojo","Rouge","紅色","赤","Vermelho","红色",
"VSTR_COLOR_PURPLE","Purple","Lila","Purple","Fialová","Фиолетовый","Fioletowy","Lila","Viola","Morado","Violet","紫色","紫","Roxo","紫色",
"VSTR_COLOR_BLACK","Black","Schwarz","Black","Černá","Чёрный","Czarny","Fekete","Nero","Negro","Noir","黑色","黒","Preto","黑色",
"VSTR_NOTIFY_HEAL","Player healed successfully","Spieler erfolgreich geheilt","Player healed successfully","Hráč úspěšně vyléčen","Игрок успешно вылечен","Gracz pomyślnie wyleczony","Játékos sikeresen meggyógyítva","Giocatore guarito con successo","Jugador curado exitosamente","Joueur soigné avec succès","玩家治療成功","プレイヤーを治療しました","Jogador curado com sucesso","玩家治疗成功",
"VSTR_NOTIFY_SPECTATE","Spectating player","Spieler beobachten","Spectating player","Sledování hráče","Наблюдение за игроком","Obserwowanie gracza","Játékos figyelése","Osservazione giocatore","Observando jugador","Observer le joueur","觀察玩家","プレイヤーを観戦中","Observando jogador","观察玩家",
"VSTR_NOTIFY_GODMODE_OFF","God mode disabled","Gottmodus deaktiviert","God mode disabled","Režim boha vypnut","Режим бога отключён","Tryb boga wyłączony","Isten mód kikapcsolva","Modalità dio disattivata","Modo dios desactivado","Mode dieu désactivé","上帝模式已關閉","ゴッドモード無効","Modo deus desativado","上帝模式已关闭",
"VSTR_NOTIFY_GODMODE_ON","God mode enabled","Gottmodus aktiviert","God mode enabled","Režim boha zapnut","Режим бога включён","Tryb boga włączony","Isten mód bekapcsolva","Modalità dio attivata","Modo dios activado","Mode dieu activé","上帝模式已開啟","ゴッドモード有効","Modo deus ativado","上帝模式已开启",
"VSTR_NOTIFY_REVOKE_GODMODE","Your god mode has been revoked by admin","Dein Gottmodus wurde vom Admin entzogen","Your god mode has been revoked by admin","Tvůj režim boha byl zrušen administrátorem","Ваш режим бога был отозван администратором","Twój tryb boga został cofnięty przez admina","Az isten módodat visszavonta az admin","La tua modalità dio è stata revocata dall'amministratore","Tu modo dios fue revocado por el admin","Ton mode dieu a été révoqué par l'admin","你的上帝模式已被管理員撤銷","ゴッドモードが管理者により無効化されました","Seu modo deus foi revogado pelo admin","你的上帝模式已被管理员撤销",
"VSTR_NOTIFY_REVOKE_GODMODE_ADMIN","God mode revoked from player","Gottmodus vom Spieler entzogen","God mode revoked from player","Režim boha zrušen hráči","Режим бога отозван у игрока","Tryb boga cofnięty od gracza","Isten mód visszavonva a játékostól","Modalità dio revocata dal giocatore","Modo dios revocado del jugador","Mode dieu révoqué du joueur","已撤銷玩家的上帝模式","プレイヤーのゴッドモードを無効化しました","Modo deus revogado do jogador","已撤销玩家的上帝模式",
"VSTR_NOTIFY_GIVE_GODMODE","Admin has granted you god mode","Admin hat dir den Gottmodus gewährt","Admin has granted you god mode","Administrátor ti udělil režim boha","Администратор предоставил вам режим бога","Admin przyznał ci tryb boga","Az admin megadta neked az isten módot","L'amministratore ti ha concesso la modalità dio","El admin te ha otorgado modo dios","L'admin t'a accordé le mode dieu","管理員已授予你上帝模式","管理者がゴッドモードを付与しました","O admin concedeu a você modo deus","管理员已授予你上帝模式",
"VSTR_NOTIFY_GIVE_GODMODE_ADMIN","God mode granted to player","Gottmodus an Spieler gewährt","God mode granted to player","Režim boha udělen hráči","Режим бога предоставлен игроку","Tryb boga przyznany graczowi","Isten mód megadva a játékosnak","Modalità dio concessa al giocatore","Modo dios otorgado al jugador","Mode dieu accordé au joueur","已授予玩家上帝模式","プレイヤーにゴッドモードを付与しました","Modo deus concedido ao jogador","已授予玩家上帝模式",
"VSTR_NOTIFY_REVOKE_AMMO","Your infinite ammo has been revoked by admin","Deine unendliche Munition wurde vom Admin entzogen","Your infinite ammo has been revoked by admin","Tvá nekonečná munice byla zrušena administrátorem","Ваш бесконечный патроны был отозван администратором","Twoja nieskończona amunicja została cofnięta przez admina","A végtelen lőszeredet visszavonta az admin","Le tue munizioni infinite sono state revocate dall'amministratore","Tu munición infinita fue revocada por el admin","Tes munitions infinies ont été révoquées par l'admin","你的無限彈藥已被管理員撤銷","無限弾薬が管理者により無効化されました","Sua munição infinita foi revogada pelo admin","你的无限弹药已被管理员撤销",
"VSTR_NOTIFY_REVOKE_AMMO_ADMIN","Infinite ammo revoked from player","Unendliche Munition vom Spieler entzogen","Infinite ammo revoked from player","Nekonečná munice zrušena hráči","Бесконечные патроны отозваны у игрока","Nieskończona amunicja cofnięta od gracza","Végtelen lőszer visszavonva a játékostól","Munizioni infinite revocate dal giocatore","Munición infinita revocada del jugador","Munitions infinies révoquées du joueur","已撤銷玩家的無限彈藥","プレイヤーの無限弾薬を無効化しました","Munição infinita revogada do jogador","已撤销玩家的无限弹药",
"VSTR_NOTIFY_GIVE_AMMO","Admin has granted you infinite ammo","Admin hat dir unendliche Munition gewährt","Admin has granted you infinite ammo","Administrátor ti udělil nekonečnou munici","Администратор предоставил вам бесконечные патроны","Admin przyznał ci nieskończoną amunicję","Az admin megadta neked a végtelen lőszert","L'amministratore ti ha concesso munizioni infinite","El admin te ha otorgado munición infinita","L'admin t'a accordé des munitions infinies","管理員已授予你無限彈藥","管理者が無限弾薬を付与しました","O admin concedeu a você munição infinita","管理员已授予你无限弹药",
"VSTR_NOTIFY_GIVE_AMMO_ADMIN","Infinite ammo granted to player","Unendliche Munition an Spieler gewährt","Infinite ammo granted to player","Nekonečná munice udělena hráči","Бесконечные патроны предоставлены игроку","Nieskończona amunicja przyznana graczowi","Végtelen lőszer megadva a játékosnak","Munizioni infinite concesse al giocatore","Munición infinita otorgada al jugador","Munitions infinies accordées au joueur","已授予玩家無限彈藥","プレイヤーに無限弾薬を付与しました","Munição infinita concedida ao jogador","已授予玩家无限弹药",
"VSTR_NOTIFY_TP_BRINGSELF_ERR","Cannot teleport yourself to yourself","Kann dich nicht zu dir selbst teleportieren","Cannot teleport yourself to yourself","Nelze se teleportovat k sobě","Невозможно телепортировать себя к себе","Nie możesz teleportować się do siebie","Nem teleportálhatod magad önmagadhoz","Non puoi teletrasportarti a te stesso","No puedes teletransportarte a ti mismo","Impossible de te téléporter vers toi-même","無法將自己傳送到自己","自分自身にテレポートできません","Não é possível se teletransportar para si mesmo","无法将自己传送到自己",
"VSTR_NOTIFY_ERR_TP_NORETURN","No return position available","Keine Rückkehrposition verfügbar","No return position available","Žádná pozice návratu k dispozici","Нет доступной позиции возврата","Brak dostępnej pozycji powrotu","Nincs elérhető visszatérési pozíció","Nessuna posizione di ritorno disponibile","No hay posición de retorno disponible","Aucune position de retour disponible","沒有可用的返回位置","戻り位置が利用できません","Nenhuma posição de retorno disponível","没有可用的返回位置",
"VSTR_NOTIFY_ERR_TPSELF","Cannot teleport to yourself","Kann nicht zu dir selbst teleportieren","Cannot teleport to yourself","Nelze se teleportovat k sobě","Невозможно телепортироваться к себе","Nie możesz teleportować się do siebie","Nem teleportálhatsz önmagadhoz","Non puoi teletrasportarti a te stesso","No puedes teletransportarte a ti mismo","Impossible de te téléporter vers toi-même","無法傳送到自己","自分自身にテレポートできません","Não é possível se teletransportar para si mesmo","无法传送到自己",
"VSTR_NOTIFY_RESTART_ERROR","Server restart cancelled - No players online","Serverneustart abgebrochen - Keine Spieler online","Server restart cancelled - No players online","Restart serveru zrušen - Žádní hráči online","Перезапуск сервера отменён - Нет игроков онлайн","Restart serwera anulowany - Brak graczy online","Szerver újraindítás megszakítva - Nincsenek játékosok online","Riavvio server annullato - Nessun giocatore online","Reinicio del servidor cancelado - No hay jugadores en línea","Redémarrage du serveur annulé - Aucun joueur en ligne","伺服器重啟已取消 - 沒有在線玩家","サーバー再起動キャンセル - オンラインプレイヤーなし","Reinício do servidor cancelado - Nenhum jogador online","服务器重启已取消 - 没有在线玩家",
"VSTR_NOTIFY_RESTART_IN","Server restart in","Serverneustart in","Server restart in","Restart serveru za","Перезапуск сервера через","Restart serwera za","Szerver újraindítás","Riavvio server tra","Reinicio del servidor en","Redémarrage du serveur dans","伺服器將在以下時間重啟","サーバー再起動まで","Reinício do servidor em","服务器将在以下时间重启",
"VSTR_XML_NOMINAL","Nominal:","Nominal:","Nominal:","Nominální:","Номинал:","Nominał:","Nominális:","Nominale:","Nominal:","Nominal:","標稱數量:","名目:","Nominal:","标称数量:",
"VSTR_XML_LIFETIME","LifeTime:","Lebensdauer:","LifeTime:","Životnost:","Время жизни:","Czas życia:","Élettartam:","Durata vita:","Tiempo de vida:","Durée de vie:","刷新週期:","ライフタイム:","Tempo de vida:","刷新周期:",
"VSTR_XML_RESTOCK","Restock:","Nachschub:","Restock:","Doplnění:","Пополнение:","Uzupełnienie:","Feltöltés:","Rifornimento:","Reabastecimiento:","Réappro.:","補充時間:","再補充:","Reabastecimento:","补充时间:",
"VSTR_XML_MINIMUM","Minimum:","Minimum:","Minimum:","Minimum:","Минимум:","Minimum:","Minimum:","Minimo:","Mínimo:","Minimum:","最小值:","最小:","Mínimo:","最小值:",
"VSTR_XML_QUANTMIN","Quantmin:","Mindestmenge:","Quantmin:","Min. množství:","Мин. количество:","Ilość min:","Min. mennyiség:","Quantità min:","Cantidad mín:","Qté min:","最小數量:","最小数量:","Quantidade mín:","最小数量:",
"VSTR_XML_QUANTMAX","Quantmax:","Höchstmenge:","Quantmax:","Max. množství:","Макс. количество:","Ilość maks:","Max. mennyiség:","Quantità max:","Cantidad máx:","Qté max:","最大數量:","最大数量:","Quantidade máx:","最大数量:",
"VSTR_XML_COST","Cost:","Kosten:","Cost:","Cena:","Стоимость:","Koszt:","Költség:","Costo:","Costo:","Coût:","遊戲成本:","コスト:","Custo:","游戏成本:",
"VSTR_XML_FILTER_FROM_LOADED","Filter items from loaded XML","Elemente aus geladenem XML filtern","Filter items from loaded XML","Filtrovat položky z načteného XML","Фильтровать элементы из загруженного XML","Filtruj elementy z załadowanego XML","Elemek szűrése betöltött XML-ből","Filtra elementi da XML caricato","Filtrar elementos del XML cargado","Filtrer éléments du XML chargé","從已加載的XML中過濾物品","読み込まれたXMLからアイテムをフィルタ","Filtrar itens do XML carregado","从已加载的XML中过滤物品",
"VSTR_BTN_DELETE_SELECTED","Delete Selected","Ausgewählte löschen","Delete Selected","Smazat vybrané","Удалить выбранное","Usuń wybrane","Kiválasztottak törlése","Elimina selezionati","Eliminar seleccionado","Supprimer sélection","刪除所選","選択を削除","Excluir selecionado","删除所选",
"VSTR_BTN_DELETE_ALL","Delete All","Alle löschen","Delete All","Smazat vše","Удалить всё","Usuń wszystko","Összes törlése","Elimina tutto","Eliminar todo","Tout supprimer","刪除全部","すべて削除","Excluir tudo","删除全部",
"VSTR_LBL_SEND_SERVER_STATUS","Send Server Status Logs","Serverstatus-Logs senden","Send Server Status Logs","Odeslat protokoly stavu serveru","Отправлять логи состояния сервера","Wysyłaj logi statusu serwera","Szerverállapot naplók küldése","Invia log stato server","Enviar registros de estado del servidor","Envoyer journaux état serveur","發送伺服器狀態日誌","サーバーステータスログを送信","Enviar logs de status do servidor","发送服务器状态日志",
"VSTR_EVERY_60_SEC","Every: 60 seconds","Alle: 60 Sekunden","Every: 60 seconds","Každých: 60 sekund","Каждые: 60 секунд","Co: 60 sekund","Minden: 60 másodperc","Ogni: 60 secondi","Cada: 60 segundos","Toutes les: 60 secondes","每隔: 60 秒","60秒ごと","A cada: 60 segundos","每隔: 60 秒",
"VSTR_EVERY_5_MIN","Every: 5 minutes","Alle: 5 Minuten","Every: 5 minutes","Každých: 5 minut","Каждые: 5 минут","Co: 5 minut","Minden: 5 perc","Ogni: 5 minuti","Cada: 5 minutos","Toutes les: 5 minutes","每隔: 5 分鐘","5分ごと","A cada: 5 minutos","每隔: 5 分钟",
"VSTR_EVERY_10_MIN","Every: 10 minutes","Alle: 10 Minuten","Every: 10 minutes","Každých: 10 minut","Каждые: 10 минут","Co: 10 minut","Minden: 10 perc","Ogni: 10 minuti","Cada: 10 minutos","Toutes les: 10 minutes","每隔: 10 分鐘","10分ごと","A cada: 10 minutos","每隔: 10 分钟",
"VSTR_EVERY_15_MIN","Every: 15 minutes","Alle: 15 Minuten","Every: 15 minutes","Každých: 15 minut","Каждые: 15 минут","Co: 15 minut","Minden: 15 perc","Ogni: 15 minuti","Cada: 15 minutos","Toutes les: 15 minutes","每隔: 15 分鐘","15分ごと","A cada: 15 minutos","每隔: 15 分钟",
"VSTR_WEATHER_RAIN","Rain","Regen","Rain","Déšť","Дождь","Deszcz","Eső","Pioggia","Lluvia","Pluie","雨量","雨","Chuva","雨量",
"VSTR_WEATHER_OVERCAST","Overcast","Bewölkung","Overcast","Zataženo","Облачность","Zachmurzenie","Felhőzet","Nebulosità","Nubosidad","Nébulosité","陰天","曇り","Nebulosidade","阴天",
"VSTR_WEATHER_FOG","Fog","Nebel","Fog","Mlha","Туман","Mgła","Köd","Nebbia","Niebla","Brouillard","霧氣","霧","Névoa","雾气",
"VSTR_WEATHER_WINDFORCE","WindForce","Windstärke","WindForce","Síla větru","Сила ветра","Siła wiatru","Szél ereje","Forza vento","Fuerza viento","Force du vent","風力","風力","Força vento","风力",
"VSTR_TIME_PRESETS","Time Presets","Zeitvoreinstellungen","Time Presets","Časové předvolby","Временные пресеты","Ustawienia czasu","Idő előbeállítások","Preset tempo","Preajustes de tiempo","Préréglages temporels","時間預設","時間プリセット","Predefinições de tempo","时间预设",
"VSTR_WEATHER_PRESETS","Weather Presets","Wettervoreinstellungen","Weather Presets","Předvolby počasí","Погодные пресеты","Ustawienia pogody","Időjárás előbeállítások","Preset meteo","Preajustes meteorológicos","Préréglages météo","天氣預設","天気プリセット","Predefinições meteorológicas","天气预设",
"VSTR_SELECT","SELECT","AUSWÄHLEN","SELECT","VYBRAT","ВЫБРАТЬ","WYBIERZ","KIVÁLASZTÁS","SELEZIONA","SELECCIONAR","SÉLECTIONNER","選擇","選択","SELECIONAR","选择",
"VSTR_ENABLED","ENABLED","AKTIVIERT","ENABLED","POVOLENO","ВКЛЮЧЕНО","WŁĄCZONE","ENGEDÉLYEZVE","ABILITATO","ACTIVADO","ACTIVÉ","已啟用","有効","ATIVADO","已启用",
"VSTR_PERM_DeleteObjectAtCrosshair","Delete Object At Crosshair","Objekt am Fadenkreuz löschen","Delete Object At Crosshair","Smazat objekt na mířidlech","Удалить объект на прицеле","Usuń obiekt na celowniku","Objektum törlése a célkereszt alatt","Elimina oggetto al mirino","Eliminar objeto en retícula","Supprimer objet à la visée","刪除準星處物體","照準の対象を削除","Excluir objeto na mira","删除准星处物体",
"VSTR_PERM_TeleportToCrosshair","Teleport To Crosshair","Teleport zum Fadenkreuz","Teleport To Crosshair","Teleport na mířidla","Телепорт на прицел","Teleport na celownik","Teleportálás a célkeresztre","Teletrasporto al mirino","Teletransportar a retícula","Téléporter à la visée","傳送到準星","照準に転送","Teletransportar para mira","传送到准星",
"VSTR_PERM_FreeCamera","Free Camera","Freie Kamera","Free Camera","Volná kamera","Свободная камера","Wolna kamera","Szabad kamera","Camera libera","Cámara libre","Caméra libre","自由相機","フリーカメラ","Câmera livre","自由相机",
"VSTR_PERM_RepairVehiclesAtCrosshair","Repair Vehicles At Crosshair","Fahrzeuge am Fadenkreuz reparieren","Repair Vehicles At Crosshair","Opravit vozidla na mířidlech","Починить транспорт на прицеле","Napraw pojazdy na celowniku","Járművek javítása a célkereszt alatt","Ripara veicoli al mirino","Reparar vehículos en retícula","Réparer véhicules à la visée","修復準星處載具","照準の乗り物を修理","Reparar veículos na mira","修复准星处载具",
"VSTR_PERM_MenuItemManager","Item Manager Menu","Gegenstands-Manager-Menü","Item Manager Menu","Menu správce předmětů","Меню менеджера предметов","Menu menedżera przedmiotów","Tárgykezelő menü","Menu gestore oggetti","Menú gestor objetos","Menu gestionnaire objets","物品管理器菜單","アイテムマネージャーメニュー","Menu gerenciador itens","物品管理器菜单",
"VSTR_PERM_MenuItemManager_SpawnItem","Spawn Item","Gegenstand spawnen","Spawn Item","Vytvořit předmět","Создать předмет","Spawnuj przedmiot","Tárgy létrehozása","Genera oggetto","Generar objeto","Générer objet","生成物品","アイテムを生成","Gerar item","生成物品",
"VSTR_PERM_MenuItemManager_EditPreset","Edit Preset","Voreinstellung bearbeiten","Edit Preset","Upravit předvolbu","Редактировать пресет","Edytuj preset","Előbeállítás szerkesztése","Modifica preset","Editar preajuste","Modifier préréglage","編輯預設","プリセット編集","Editar predefinição","编辑预设",
"VSTR_PERM_MenuItemManager_SpawnPreset","Spawn Preset","Voreinstellung spawnen","Spawn Preset","Vytvořit předvolbu","Создать пресет","Spawnuj preset","Előbeállítás létrehozása","Genera preset","Generar preajuste","Générer préréglage","生成預設","プリセット生成","Gerar predefinição","生成预设",
"VSTR_PERM_MenuItemManager_DeletePreset","Delete Preset","Voreinstellung löschen","Delete Preset","Smazat předvolbu","Удалить пресет","Usuń preset","Előbeállítás törlése","Elimina preset","Eliminar preajuste","Supprimer préréglage","刪除預設","プリセット削除","Excluir predefinição","删除预设",
"VSTR_PERM_MenuItemManager_AddPreset","Add Preset","Voreinstellung hinzufügen","Add Preset","Přidat předvolbu","Добавить пресет","Dodaj preset","Előbeállítás hozzáadása","Aggiungi preset","Añadir preajuste","Ajouter préréglage","添加預設","プリセット追加","Adicionar predefinição","添加预设",
"VSTR_PERM_MenuServerManager","Server Manager Menu","Server-Manager-Menü","Server Manager Menu","Menu správce serveru","Меню менеджера сервера","Menu menedżera serwera","Szerverkezelő menü","Menu gestore server","Menú gestor servidor","Menu gestionnaire serveur","伺服器管理器菜單","サーバーマネージャーメニュー","Menu gerenciador servidor","服务器管理器菜单",
"VSTR_PERM_ServerManager_RestartServer","Restart Server","Server neustarten","Restart Server","Restartovat server","Перезапустить сервер","Restart serwera","Szerver újraindítása","Riavvia server","Reiniciar servidor","Redémarrer serveur","重啟伺服器","サーバー再起動","Reiniciar servidor","重启服务器",
"VSTR_PERM_ServerManager_LockServer","Lock Server","Server sperren","Lock Server","Zamknout server","Заблокировать сервер","Zablokuj serwer","Szerver zárolása","Blocca server","Bloquear servidor","Verrouiller serveur","鎖定伺服器","サーバーロック","Bloquear servidor","锁定服务器",
"VSTR_PERM_ServerManager_KickAllPlayers","Kick All Players","Alle Spieler kicken","Kick All Players","Vyhodit všechny hráče","Кикнуть всех игроков","Wyrzuć wszystkich graczy","Minden játékos kirúgása","Espelli tutti giocatori","Expulsar todos jugadores","Expulser tous joueurs","踢出全部玩家","全プレイヤーキック","Expulsar todos jogadores","踢出全部玩家",
"VSTR_PERM_ServerManager_LoadScripts","Load Scripts","Skripte laden","Load Scripts","Načíst skripty","Загрузить скрипты","Załaduj skrypty","Szkriptek betöltése","Carica script","Cargar scripts","Charger scripts","加載腳本","スクリプト読み込み","Carregar scripts","加载脚本",
"VSTR_PERM_MenuWeatherManager","Weather Manager Menu","Wetter-Manager-Menü","Weather Manager Menu","Menu správce počasí","Меню менеджера погоды","Menu menedżera pogody","Időjáráskezelő menü","Menu gestore meteo","Menú gestor clima","Menu gestionnaire météo","天氣管理器菜單","天気マネージャーメニュー","Menu gerenciador clima","天气管理器菜单",
"VSTR_PERM_WeatherManager_ApplyWeather","Apply Weather","Wetter anwenden","Apply Weather","Použít počasí","Применить погоду","Zastosuj pogodę","Időjárás alkalmazása","Applica meteo","Aplicar clima","Appliquer météo","應用天氣","天気適用","Aplicar clima","应用天气",
"VSTR_PERM_WeatherManager_ApplyTime","Apply Time","Zeit anwenden","Apply Time","Použít čas","Применить время","Zastosuj czas","Idő alkalmazása","Applica tempo","Aplicar hora","Appliquer heure","應用時間","時間適用","Aplicar hora","应用时间",
"VSTR_PERM_WeatherManager_SavePreset","Save Preset","Voreinstellung speichern","Save Preset","Uložit předvolbu","Сохранить пресет","Zapisz preset","Előbeállítás mentése","Salva preset","Guardar preajuste","Sauvegarder préréglage","保存預設","プリセット保存","Salvar predefinição","保存预设",
"VSTR_PERM_WeatherManager_DeletePreset","Delete Preset","Voreinstellung löschen","Delete Preset","Smazat předvolbu","Удалить пресет","Usuń preset","Előbeállítás törlése","Elimina preset","Eliminar preajuste","Supprimer préréglage","刪除預設","プリセット削除","Excluir predefinição","删除预设",
"VSTR_PERM_WeatherManager_ApplyPreset","Apply Preset","Voreinstellung anwenden","Apply Preset","Použít předvolbu","Применить пресет","Zastosuj preset","Előbeállítás alkalmazása","Applica preset","Aplicar preajuste","Appliquer préréglage","應用預設","プリセット適用","Aplicar predefinição","应用预设",
"VSTR_PERM_WeatherManager_ApplyTimePreset","Apply Time Preset","Zeitvoreinstellung anwenden","Apply Time Preset","Použít časovou předvolbu","Применить временной пресет","Zastosuj preset czasu","Idő előbeállítás alkalmazása","Applica preset tempo","Aplicar preajuste hora","Appliquer préréglage heure","應用時間預設","時間プリセット適用","Aplicar predefinição hora","应用时间预设",
"VSTR_PERM_WeatherManager_SaveTimePreset","Save Time Preset","Zeitvoreinstellung speichern","Save Time Preset","Uložit časovou předvolbu","Сохранить временной пресет","Zapisz preset czasu","Idő előbeállítás mentése","Salva preset tempo","Guardar preajuste hora","Sauvegarder préréglage heure","保存時間預設","時間プリセット保存","Salvar predefinição hora","保存时间预设",
"VSTR_PERM_WeatherManager_DeleteTimePreset","Delete Time Preset","Zeitvoreinstellung löschen","Delete Time Preset","Smazat časovou předvolbu","Удалить временной пресет","Usuń preset czasu","Idő előbeállítás törlése","Elimina preset tempo","Eliminar preajuste hora","Supprimer préréglage heure","刪除時間預設","時間プリセット削除","Excluir predefinição hora","删除时间预设",
"VSTR_PERM_MenuObjectManager","Object Manager Menu","Objekt-Manager-Menü","Object Manager Menu","Menu správce objektů","Меню менеджера объектов","Menu menedżera obiektów","Objektumkezelő menü","Menu gestore oggetti","Menú gestor objetos","Menu gestionnaire objets","對象管理器菜單","オブジェクトマネージャーメニュー","Menu gerenciador objetos","对象管理器菜单",
"VSTR_PERM_MenuObjectManager_CreateNewSet","Create New Set","Neues Set erstellen","Create New Set","Vytvořit novou sadu","Создать новый набор","Utwórz nowy zestaw","Új készlet létrehozása","Crea nuovo set","Crear nuevo conjunto","Créer nouveau ensemble","創建新集合","新規セット作成","Criar novo conjunto","创建新集合",
"VSTR_PERM_MenuObjectManager_UpdateSet","Update Set","Set aktualisieren","Update Set","Aktualizovat sadu","Обновить набор","Zaktualizuj zestaw","Készlet frissítése","Aggiorna set","Actualizar conjunto","Mettre à jour ensemble","更新集合","セット更新","Atualizar conjunto","更新集合",
"VSTR_PERM_MenuObjectManager_DeleteSet","Delete Set","Set löschen","Delete Set","Smazat sadu","Удалить набор","Usuń zestaw","Készlet törlése","Elimina set","Eliminar conjunto","Supprimer ensemble","刪除集合","セット削除","Excluir conjunto","删除集合",
"VSTR_PERM_MenuObjectManager_EditSet","Edit Set","Set bearbeiten","Edit Set","Upravit sadu","Редактировать набор","Edytuj zestaw","Készlet szerkesztése","Modifica set","Editar conjunto","Modifier ensemble","編輯集合","セット編集","Editar conjunto","编辑集合",
"VSTR_PERM_MenuPermissionsEditor","Permissions Editor Menu","Berechtigungs-Editor-Menü","Permissions Editor Menu","Menu editoru oprávnění","Меню редактора прав","Menu edytora uprawnień","Jogosultságszerkesztő menü","Menu editor permessi","Menú editor permisos","Menu éditeur permissions","權限編輯器菜單","権限エディターメニュー","Menu editor permissões","权限编辑器菜单",
"VSTR_PERM_PermissionsEditor_RemoveUser","Remove User","Benutzer entfernen","Remove User","Odebrat uživatele","Удалить пользователя","Usuń użytkownika","Felhasználó eltávolítása","Rimuovi utente","Eliminar usuario","Supprimer utilisateur","移除用戶","ユーザー削除","Remover usuário","移除用户",
"VSTR_PERM_PermissionsEditor_AddUser","Add User","Benutzer hinzufügen","Add User","Přidat uživatele","Добавить пользователя","Dodaj użytkownika","Felhasználó hozzáadása","Aggiungi utente","Añadir usuario","Ajouter utilisateur","添加用戶","ユーザー追加","Adicionar usuário","添加用户",
"VSTR_PERM_PermissionsEditor_CreateUserGroup","Create User Group","Benutzergruppe erstellen","Create User Group","Vytvořit skupinu uživatelů","Создать группу","Utwórz grupę użytkowników","Felhasználói csoport létrehozása","Crea gruppo utenti","Crear grupo usuarios","Créer groupe utilisateurs","創建用戶組","ユーザーグループ作成","Criar grupo usuários","创建用户组",
"VSTR_PERM_PermissionsEditor_DeleteUserGroup","Delete User Group","Benutzergruppe löschen","Delete User Group","Smazat skupinu uživatelů","Удалить группу","Usuń grupę użytkowników","Felhasználói csoport törlése","Elimina gruppo utenti","Eliminar grupo usuarios","Supprimer groupe utilisateurs","刪除用戶組","ユーザーグループ削除","Excluir grupo usuários","删除用户组",
"VSTR_PERM_PermissionsEditor_ChangePermLevel","Change Permission Level","Berechtigungsstufe ändern","Change Permission Level","Změnit úroveň oprávnění","Изменить уровень прав","Zmień poziom uprawnień","Jogosultsági szint módosítása","Cambia livello permessi","Cambiar nivel permisos","Changer niveau permissions","更改權限級別","権限レベル変更","Alterar nível permissões","更改权限级别",
"VSTR_PERM_MenuPlayerManager","Player Manager Menu","Spieler-Manager-Menü","Player Manager Menu","Menu správce hráčů","Меню менеджера игроков","Menu menedżera graczy","Játékoskezelő menü","Menu gestore giocatori","Menú gestor jugadores","Menu gestionnaire joueurs","玩家管理器菜單","プレイヤーマネージャーメニュー","Menu gerenciador jogadores","玩家管理器菜单",
"VSTR_PERM_PlayerManager_GiveGodmode","Give God Mode","Gott-Modus geben","Give God Mode","Dát režim boha","Дать режим бога","Nadaj tryb boga","Isten mód adása","Dai modalità dio","Dar modo dios","Donner mode dieu","給予上帝模式","ゴッドモード付与","Dar modo deus","给予上帝模式",
"VSTR_PERM_PlayerManager_BanPlayer","Ban Player","Spieler bannen","Ban Player","Zabanovat hráče","Забанить игрока","Zbanuj gracza","Játékos kitiltása","Banna giocatore","Banear jugador","Bannir joueur","封禁玩家","プレイヤーBAN","Banir jogador","封禁玩家",
"VSTR_PERM_PlayerManager_KickPlayer","Kick Player","Spieler kicken","Kick Player","Vyhodit hráče","Кикнуть игрока","Wyrzuć gracza","Játékos kirúgása","Espelli giocatore","Expulsar jugador","Expulser joueur","踢出玩家","プレイヤーキック","Expulsar jogador","踢出玩家",
"VSTR_PERM_PlayerManager_HealPlayers","Heal Players","Spieler heilen","Heal Players","Vyléčit hráče","Вылечить игроков","Ulecz graczy","Játékosok gyógyítása","Cura giocatori","Curar jugadores","Soigner joueurs","治療玩家","プレイヤー治療","Curar jogadores","治疗玩家",
"VSTR_PERM_PlayerManager_SetPlayerStats","Set Player Stats","Spieler-Stats setzen","Set Player Stats","Nastavit statistiky hráče","Установить характеристики","Ustaw statystyki gracza","Játékos statisztikák beállítása","Imposta statistiche giocatore","Establecer estadísticas jugador","Définir statistiques joueur","設置玩家屬性","プレイヤーステータス設定","Definir estatísticas jogador","设置玩家属性",
"VSTR_PERM_PlayerManager_KillPlayers","Kill Players","Spieler töten","Kill Players","Zabít hráče","Убить игроков","Zabij graczy","Játékosok megölése","Uccidi giocatori","Matar jugadores","Tuer joueurs","擊殺玩家","プレイヤー殺害","Matar jogadores","击杀玩家",
"VSTR_PERM_PlayerManager_GodMode","God Mode","Gott-Modus","God Mode","Režim boha","Режим бога","Tryb boga","Isten mód","Modalità dio","Modo dios","Mode dieu","上帝模式","ゴッドモード","Modo deus","上帝模式",
"VSTR_PERM_PlayerManager_SpectatePlayer","Spectate Player","Spieler beobachten","Spectate Player","Sledovat hráče","Наблюдать за игроком","Obserwuj gracza","Játékos figyelése","Osserva giocatore","Observar jugador","Observer joueur","觀察玩家","プレイヤー観戦","Observar jogador","观察玩家",
"VSTR_PERM_PlayerManager_TeleportToPlayer","Teleport To Player","Zu Spieler teleportieren","Teleport To Player","Teleport k hráči","Телепорт к игроку","Teleport do gracza","Teleportálás játékoshoz","Teletrasporto a giocatore","Teletransportar a jugador","Téléporter au joueur","傳送到玩家","プレイヤーに転送","Teletransportar para jogador","传送到玩家",
"VSTR_PERM_PlayerManager_TeleportPlayerTo","Teleport Player To","Spieler teleportieren","Teleport Player To","Teleport hráče","Телепортировать игрока","Teleportuj gracza","Játékos teleportálása","Teletrasporta giocatore","Teletransportar jugador","Téléporter joueur","傳送玩家到","プレイヤーを転送","Teletransportar jogador","传送玩家到",
"VSTR_PERM_PlayerManager_SetPlayerInvisible","Set Player Invisible","Spieler unsichtbar machen","Set Player Invisible","Udělat hráče neviditelným","Сделать игрока невидимым","Ustaw gracza jako niewidzialnego","Játékos láthatatlanná tétele","Rendi giocatore invisibile","Hacer jugador invisible","Rendre joueur invisible","使玩家隱形","プレイヤー透明化","Tornar jogador invisível","使玩家隐形",
"VSTR_PERM_PlayerManager_SendMessage","Send Message","Nachricht senden","Send Message","Poslat zprávu","Отправить сообщение","Wyślij wiadomość","Üzenet küldése","Invia messaggio","Enviar mensaje","Envoyer message","發送消息","メッセージ送信","Enviar mensagem","发送消息",
"VSTR_PERM_PlayerManager_GiveUnlimitedAmmo","Give Unlimited Ammo","Unbegrenzte Munition geben","Give Unlimited Ammo","Dát neomezenou munici","Дать бесконечные патроны","Nadaj nieskończoną amunicję","Végtelen lőszer adása","Dai munizioni illimitate","Dar munición ilimitada","Donner munitions illimitées","給予無限彈藥","無限弾薬付与","Dar munição ilimitada","给予无限弹药",
"VSTR_PERM_PlayerManager_MakePlayerVomit","Make Player Vomit","Spieler erbrechen lassen","Make Player Vomit","Nechat hráče zvracet","Заставить игрока рвать","Spraw aby gracz zwymiotował","Játékos hánytatása","Fai vomitare giocatore","Hacer vomitar jugador","Faire vomir joueur","使玩家嘔吐","プレイヤーを嘔吐させる","Fazer jogador vomitar","使玩家呕吐",
"VSTR_PERM_PlayerManager_FreezePlayers","Freeze Players","Spieler einfrieren","Freeze Players","Zmrazit hráče","Заморозить игроков","Zamroź graczy","Játékosok lefagyasztása","Congela giocatori","Congelar jugadores","Geler joueurs","凍結玩家","プレイヤー凍結","Congelar jogadores","冻结玩家",
"VSTR_PERM_PlayerManager_ChangeScale","Change Scale","Größe ändern","Change Scale","Změnit velikost","Изменить размер","Zmień skalę","Méret módosítása","Cambia scala","Cambiar escala","Changer échelle","更改體型","スケール変更","Alterar escala","更改体型",
"VSTR_PERM_MenuBansManager","Bans Manager Menu","Bans-Manager-Menü","Bans Manager Menu","Menu správce banů","Меню менеджера банов","Menu menedżera banów","Kitiltáskezelő menü","Menu gestore ban","Menú gestor baneos","Menu gestionnaire bans","封禁管理器菜單","BANマネージャーメニュー","Menu gerenciador banimentos","封禁管理器菜单",
"VSTR_PERM_BansManager_UnbanPlayer","Unban Player","Spieler entbannen","Unban Player","Odbanovat hráče","Разбанить игрока","Odbanuj gracza","Játékos kitiltásának feloldása","Sbanna giocatore","Desbanear jugador","Débannir joueur","解除封禁","プレイヤーBAN解除","Desbanir jogador","解除封禁",
"VSTR_PERM_BansManager_UpdateBanDuration","Update Ban Duration","Bandauer aktualisieren","Update Ban Duration","Aktualizovat dobu banu","Обновить длительность бана","Zaktualizuj czas bana","Kitiltás időtartamának frissítése","Aggiorna durata ban","Actualizar duración baneo","Mettre à jour durée ban","更新封禁時長","BAN期間更新","Atualizar duração banimento","更新封禁时长",
"VSTR_PERM_BansManager_UpdateBanReason","Update Ban Reason","Bangrund aktualisieren","Update Ban Reason","Aktualizovat důvod banu","Обновить причину бана","Zaktualizuj powód bana","Kitiltás okának frissítése","Aggiorna motivo ban","Actualizar razón baneo","Mettre à jour raison ban","更新封禁原因","BAN理由更新","Atualizar motivo banimento","更新封禁原因",
"VSTR_PERM_MenuWebHooks","WebHooks Menu","WebHooks-Menü","WebHooks Menu","Menu WebHooks","Меню WebHooks","Menu WebHooks","WebHooks menü","Menu WebHooks","Menú WebHooks","Menu WebHooks","Webhook菜單","Webhookメニュー","Menu WebHooks","Webhook菜单",
"VSTR_PERM_MenuWebHooks_Create","Create WebHook","WebHook erstellen","Create WebHook","Vytvořit WebHook","Создать WebHook","Utwórz WebHook","WebHook létrehozása","Crea WebHook","Crear WebHook","Créer WebHook","創建Webhook","Webhook作成","Criar WebHook","创建Webhook",
"VSTR_PERM_MenuWebHooks_Edit","Edit WebHook","WebHook bearbeiten","Edit WebHook","Upravit WebHook","Редактировать WebHook","Edytuj WebHook","WebHook szerkesztése","Modifica WebHook","Editar WebHook","Modifier WebHook","編輯Webhook","Webhook編集","Editar WebHook","编辑Webhook",
"VSTR_PERM_MenuWebHooks_Delete","Delete WebHook","WebHook löschen","Delete WebHook","Smazat WebHook","Удалить WebHook","Usuń WebHook","WebHook törlése","Elimina WebHook","Eliminar WebHook","Supprimer WebHook","刪除Webhook","Webhook削除","Excluir WebHook","删除Webhook",
"VSTR_PERM_MenuTeleportManager","Teleport Manager Menu","Teleport-Manager-Menü","Teleport Manager Menu","Menu správce teleportu","Меню менеджера телепорта","Menu menedżera teleportacji","Teleportkezelő menü","Menu gestore teletrasporto","Menú gestor teletransporte","Menu gestionnaire téléportation","傳送管理器菜單","テレポートマネージャーメニュー","Menu gerenciador teletransporte","传送管理器菜单",
"VSTR_PERM_TeleportManager_ViewPlayerPositions","View Player Positions","Spielerpositionen anzeigen","View Player Positions","Zobrazit pozice hráčů","Показать позиции игроков","Pokaż pozycje graczy","Játékos pozíciók megtekintése","Visualizza posizioni giocatori","Ver posiciones jugadores","Voir positions joueurs","查看玩家位置","プレイヤー位置表示","Ver posições jogadores","查看玩家位置",
"VSTR_PERM_TeleportManager_TPPlayers","Teleport Players","Spieler teleportieren","Teleport Players","Teleport hráčů","Телепортировать игроков","Teleportuj graczy","Játékosok teleportálása","Teletrasporta giocatori","Teletransportar jugadores","Téléporter joueurs","傳送玩家","プレイヤー転送","Teletransportar jogadores","传送玩家",
"VSTR_PERM_TeleportManager_TPSelf","Teleport Self","Selbst teleportieren","Teleport Self","Teleport sebe","Телепортировать себя","Teleportuj siebie","Saját teleportálás","Teletrasporta te stesso","Teletransportarse","Se téléporter","傳送自己","自分を転送","Teletransportar-se","传送自己",
"VSTR_PERM_TeleportManager_DeletePreset","Delete Preset","Voreinstellung löschen","Delete Preset","Smazat předvolbu","Удалить пресет","Usuń preset","Előbeállítás törlése","Elimina preset","Eliminar preajuste","Supprimer préréglage","刪除預設","プリセット削除","Excluir predefinição","删除预设",
"VSTR_PERM_TeleportManager_AddNewPreset","Add New Preset","Neue Voreinstellung hinzufügen","Add New Preset","Přidat novou předvolbu","Добавить новый пресет","Dodaj nowy preset","Új előbeállítás hozzáadása","Aggiungi nuovo preset","Añadir nuevo preajuste","Ajouter nouveau préréglage","添加新預設","新規プリセット追加","Adicionar nova predefinição","添加新预设",
"VSTR_PERM_TeleportManager_EditPreset","Edit Preset","Voreinstellung bearbeiten","Edit Preset","Upravit předvolbu","Редактировать пресет","Edytuj preset","Előbeállítás szerkesztése","Modifica preset","Editar preajuste","Modifier préréglage","編輯預設","プリセット編集","Editar predefinição","编辑预设",
"VSTR_PERM_TeleportManager_TeleportEntity","Teleport Entity","Entity teleportieren","Teleport Entity","Teleport entity","Телепортировать сущность","Teleportuj obiekt","Entitás teleportálása","Teletrasporta entità","Teletransportar entidad","Téléporter entité","傳送實體","エンティティ転送","Teletransportar entidade","传送实体",
"VSTR_PERM_EspToolsMenu","ESP Tools Menu","ESP-Tools-Menü","ESP Tools Menu","Menu ESP nástrojů","Меню ESP инструментов","Menu narzędzi ESP","ESP eszközök menü","Menu strumenti ESP","Menú herramientas ESP","Menu outils ESP","ESP工具菜單","ESPツールメニュー","Menu ferramentas ESP","ESP工具菜单",
"VSTR_PERM_EspToolsMenu_DeleteObjects","Delete Objects","Objekte löschen","Delete Objects","Smazat objekty","Удалить объекты","Usuń obiekty","Objektumok törlése","Elimina oggetti","Eliminar objetos","Supprimer objets","刪除對象","オブジェクト削除","Excluir objetos","删除对象",
"VSTR_PERM_EspToolsMenu_PlayerESP","Player ESP","Spieler-ESP","Player ESP","Hráčské ESP","ESP игроков","ESP graczy","Játékos ESP","ESP giocatori","ESP jugadores","ESP joueurs","玩家ESP","プレイヤーESP","ESP jogadores","玩家ESP",
"VSTR_PERM_EspToolsMenu_RestPasscodeFence","Reset Passcode Fence","Zaun-Passwort zurücksetzen","Reset Passcode Fence","Resetovat heslo plotu","Сбросить пароль забора","Zresetuj kod ogrodzenia","Kerítés jelkód visszaállítása","Reimposta codice recinzione","Restablecer código valla","Réinitialiser code clôture","重置圍欄密碼","フェンスパスコードリセット","Redefinir código cerca","重置围栏密码",
"VSTR_PERM_EspToolsMenu_RetriveCodeFromObj","Retrieve Code From Object","Code von Objekt abrufen","Retrieve Code From Object","Získat kód z objektu","Получить код объекта","Pobierz kod z obiektu","Kód lekérése objektumból","Recupera codice da oggetto","Recuperar código de objeto","Récupérer code d'objet","獲取對象密碼","オブジェクトコード取得","Recuperar código de objeto","获取对象密码",
"VSTR_PERM_EspToolsMenu_PlayerMeshEsp","Player Mesh ESP","Spieler-Mesh-ESP","Player Mesh ESP","Mesh ESP hráčů","Mesh ESP игроков","Mesh ESP graczy","Játékos Mesh ESP","Mesh ESP giocatori","Mesh ESP jugadores","Mesh ESP joueurs","玩家網格ESP","プレイヤーメッシュESP","Mesh ESP jogadores","玩家网格ESP",
"VSTR_PERM_EspToolsMenu_InstantBaseBuild","Instant Base Build","Sofortiger Basisbau","Instant Base Build","Okamžitá stavba základny","Мгновенная постройка базы","Natychmiastowa budowa bazy","Azonnali bázisépítés","Costruzione base istantanea","Construcción base instantánea","Construction base instantanée","即時建造基地","インスタントベース建設","Construção base instantânea","即时建造基地",
"VSTR_PERM_MenuXMLEditor","XML Editor Menu","XML-Editor-Menü","XML Editor Menu","Menu XML editoru","Меню XML редактора","Menu edytora XML","XML szerkesztő menü","Menu editor XML","Menú editor XML","Menu éditeur XML","XML編輯器菜單","XMLエディターメニュー","Menu editor XML","XML编辑器菜单",
"VSTR_PERM_MenuCommandsConsole","Commands Console Menu","Befehls-Konsolen-Menü","Commands Console Menu","Menu konzole příkazů","Меню консоли команд","Menu konsoli poleceń","Parancskonzol menü","Menu console comandi","Menú consola comandos","Menu console commandes","命令控制台菜單","コマンドコンソールメニュー","Menu console comandos","命令控制台菜单",
"VSTR_PERM_Chat_StripPlayer","Strip Player","Spieler ausrüsten entfernen","Strip Player","Odstranit výbavu hráče","Снять снаряжение игрока","Rozbierz gracza","Játékos felszerelés eltávolítása","Spoglia giocatore","Despojar jugador","Désarmer joueur","剝離玩家裝備","プレイヤー装備剥奪","Remover equipamento","剥离玩家装备",
"VSTR_PERM_Chat_KillPlayer","Kill Player","Spieler töten","Kill Player","Zabít hráče","Убить игрока","Zabij gracza","Játékos megölése","Uccidi giocatore","Matar jugador","Tuer joueur","擊殺玩家","プレイヤー殺害","Matar jogador","击杀玩家",
"VSTR_PERM_Chat_HealPlayer","Heal Player","Spieler heilen","Heal Player","Vyléčit hráče","Вылечить игрока","Ulecz gracza","Játékos gyógyítása","Cura giocatore","Curar jugador","Soigner joueur","治療玩家","プレイヤー治癒","Curar jogador","治疗玩家",
"VSTR_PERM_Chat_BringPlayer","Bring Player","Spieler herholen","Bring Player","Přivést hráče","Вызвать игрока","Sprowadź gracza","Játékos idehozása","Porta giocatore","Traer jugador","Ramener joueur","召喚玩家","プレイヤー召喚","Trazer jogador","召唤玩家",
"VSTR_PERM_Chat_ReturnPlayer","Return Player","Spieler zurückbringen","Return Player","Vrátit hráče","Вернуть игрока","Zwróć gracza","Játékos visszaküldése","Riporta giocatore","Devolver jugador","Renvoyer joueur","返回玩家","プレイヤー返送","Retornar jogador","返回玩家",
"VSTR_PERM_Chat_GotoPlayer","Goto Player","Zum Spieler gehen","Goto Player","Jít k hráči","Перейти к игроку","Idź do gracza","Játékoshoz ugrás","Vai dal giocatore","Ir a jugador","Aller au joueur","前往玩家","プレイヤーへ移動","Ir ao jogador","前往玩家",
"VSTR_PERM_Chat_NamalskRunEvent","Run Namalsk Event","Namalsk-Event ausführen","Run Namalsk Event","Spustit Namalsk event","Запустить событие Namalsk","Uruchom wydarzenie Namalsk","Namalsk esemény futtatása","Esegui evento Namalsk","Ejecutar evento Namalsk","Lancer événement Namalsk","運行Namalsk事件","Namalskイベント実行","Executar evento Namalsk","运行Namalsk事件",
"VSTR_PERM_Chat_UnbanPlayer","Unban Player","Spieler entbannen","Unban Player","Odbanovat hráče","Разбанить игрока","Odbanuj gracza","Játékos bannolás feloldása","Sbanna giocatore","Desbanear jugador","Débannir joueur","解封玩家","プレイヤーBAN解除","Desbanir jogador","解封玩家",
"VSTR_PERM_Chat_TeleportToTown","Teleport to Town","Zu Stadt teleportieren","Teleport to Town","Teleport do města","Телепорт в город","Teleportuj do miasta","Teleportálás városba","Teletrasporto in città","Teletransporte a ciudad","Téléportation en ville","傳送到城鎮","街へテレポート","Teletransportar para cidade","传送到城镇",
"VSTR_PERM_Chat_TeleportToPoint","Teleport to Point","Zu Punkt teleportieren","Teleport to Point","Teleport na bod","Телепорт в точку","Teleportuj do punktu","Teleportálás pontra","Teletrasporto a punto","Teletransporte a punto","Téléportation à point","傳送到座標","座標へテレポート","Teletransportar para ponto","传送到坐标",
"VSTR_PERM_Chat_GiveAmmo","Give Ammo","Munition geben","Give Ammo","Dát munici","Дать патроны","Daj amunicję","Lőszer adása","Dai munizioni","Dar munición","Donner munitions","給予彈藥","弾薬付与","Dar munição","给予弹药",
"VSTR_PERM_Chat_SpawnInventory","Spawn in Inventory","In Inventar spawnen","Spawn in Inventory","Spawnout do inventáře","Создать в инвентаре","Spawnuj w ekwipunku","Létrehozás leltárban","Genera in inventario","Generar en inventario","Générer dans inventaire","生成到背包","インベントリ生成","Gerar no inventário","生成到背包",
"VSTR_PERM_Chat_SpawnOnGround","Spawn on Ground","Auf Boden spawnen","Spawn on Ground","Spawnout na zemi","Создать на земле","Spawnuj na ziemi","Létrehozás a földön","Genera a terra","Generar en suelo","Générer au sol","生成到地面","地面生成","Gerar no chão","生成到地面",
"VSTR_PERM_Chat_SpawnInHands","Spawn in Hands","In Händen spawnen","Spawn in Hands","Spawnout do rukou","Создать в руках","Spawnuj w rękach","Létrehozás kézben","Genera in mano","Generar en manos","Générer en mains","生成到手中","手持ち生成","Gerar nas mãos","生成到手中",
"VSTR_PERM_Chat_SpawnCar","Spawn Car","Fahrzeug spawnen","Spawn Car","Spawnout vozidlo","Создать машину","Spawnuj pojazd","Jármű létrehozása","Genera veicolo","Generar vehículo","Générer véhicule","生成載具","車両生成","Gerar veículo","生成载具",
"VSTR_PERM_Chat_refuelCar","Refuel Car","Fahrzeug auftanken","Refuel Car","Doplnit palivo vozidla","Заправить машину","Zatankuj pojazd","Jármű feltöltése","Rifornisci veicolo","Repostar vehículo","Ravitailler véhicule","為載具加油","車両給油","Reabastecer veículo","为载具加油",
"VSTR_BTN_RELOAD_SETS","Reload","Neu laden","Reload","Obnovit","Обновить","Odśwież","Újratöltés","Ricarica","Recargar","Recharger","刷新","更新","Recarregar","刷新",
"VSTR_FILTER_Inventory_Base","All Items","Alle Gegenstände","All Items","Všechny předměty","Все предметы","Wszystkie przedmioty","Minden tárgy","Tutti gli oggetti","Todos los objetos","Tous les objets","所有物品","全アイテム","Todos os itens","所有物品",
"VSTR_FILTER_ItemBase","Items","Gegenstände","Items","Předměty","Предметы","Przedmioty","Tárgyak","Oggetti","Objetos","Objets","物品","アイテム","Itens","物品",
"VSTR_FILTER_BaseBuildingBase","Base Buildings","Basisgebäude","Base Buildings","Základní budovy","Базовые постройки","Budynki bazowe","Alapépítmények","Edifici base","Edificios base","Bâtiments de base","基地建築","基地建築物","Edifícios de base","基地建筑",
"VSTR_FILTER_Rifle_Base","Rifles","Gewehre","Rifles","Pušky","Винтовки","Karabiny","Puskák","Fucili","Rifles","Fusils","步槍","ライフル","Rifles","步枪",
"VSTR_FILTER_Pistol_Base","Pistols","Pistolen","Pistols","Pistole","Пистолеты","Pistolety","Pisztolyok","Pistole","Pistolas","Pistolets","手槍","拳銃","Pistolas","手枪",
"VSTR_FILTER_Ammunition_Base","Ammunition","Munition","Ammunition","Munice","Боеприпасы","Amunicja","Lőszer","Munizioni","Munición","Munitions","彈藥","弾薬","Munição","弹药",
"VSTR_FILTER_Edible_Base","Food & Drinks","Essen & Trinken","Food & Drinks","Jídlo a pití","Еда и напитки","Jedzenie i picie","Étel és ital","Cibo e bevande","Comida y bebidas","Nourriture et boissons","食物飲料","食料と飲料","Comida e bebidas","食物饮料",
"VSTR_FILTER_DayZCreatureAI","Animals","Tiere","Animals","Zvířata","Животные","Zwierzęta","Állatok","Animali","Animales","Animaux","動物","動物","Animais","动物",
"VSTR_FILTER_SurvivorBase","Players","Spieler","Players","Hráči","Игроки","Gracze","Játékosok","Giocatori","Jugadores","Joueurs","玩家","プレイヤー","Jogadores","玩家",
"VSTR_FILTER_Clothing_Base","Clothing","Kleidung","Clothing","Oblečení","Одежда","Ubrania","Ruházat","Abbigliamento","Ropa","Vêtements","服裝","衣服","Roupas","服装",
"VSTR_FILTER_Transport","Vehicles","Fahrzeuge","Vehicles","Vozidla","Транспорт","Pojazdy","Járművek","Veicoli","Vehículos","Véhicules","載具","車両","Veículos","载具",
"VSTR_FILTER_CrashBase","Crash Sites","Absturzstellen","Crash Sites","Místa havárií","Места крушений","Miejsca katastrof","Roncshelyszínek","Luoghi di schianto","Lugares de accidente","Sites de crash","墜機地點","墜落現場","Locais de queda","坠机地点",
"VSTR_SERVER_ADMIN_PREFIX","Server Admin:","Server Admin:","Server Admin:","Server Admin:","Администратор сервера:","Admin serwera:","Szerver admin:","Admin del server:","Admin del servidor:","Admin du serveur:","伺服器管理員:","サーバー管理者:","Admin do servidor:","服务器管理员:",
"VSTR_DIALOG_TITLE_SCALE","Set Scale","Größe ändern","Set Scale","Nastavit velikost","Установить размер","Ustaw skalę","Méret beállítása","Imposta scala","Establecer escala","Définir échelle","設定體型","スケール設定","Definir escala","设置体型",
"VSTR_DIALOG_CONTENT_SCALE","Insert value to change to, between 0.01 and 100.0 (Some specific values will result in the player to be frozen and uncontrollable. To avoid, use rounded numbers)","Wert zwischen 0.01 und 100.0 eingeben (Bestimmte Werte können den Spieler einfrieren und unkontrollierbar machen. Verwenden Sie gerundete Zahlen)","Insert value to change to, between 0.01 and 100.0 (Some specific values will result in the player to be frozen and uncontrollable. To avoid, use rounded numbers)","Zadejte hodnotu mezi 0.01 a 100.0 (Některé hodnoty mohou způsobit zamrznutí a nekontrolovatelnost hráče. Používejte zaokrouhlená čísla)","Введите значение от 0.01 до 100.0 (Некоторые значения могут привести к замораживанию игрока. Используйте округлённые числа)","Wprowadź wartość od 0.01 do 100.0 (Niektóre wartości mogą spowodować zamrożenie gracza. Używaj zaokrąglonych liczb)","Írjon be értéket 0.01 és 100.0 között (Egyes értékek lefagyaszthatják a játékost. Használjon kerekített számokat)","Inserisci valore tra 0.01 e 100.0 (Alcuni valori possono congelare il giocatore. Usa numeri arrotondati)","Inserte valor entre 0.01 y 100.0 (Algunos valores pueden congelar al jugador. Use números redondeados)","Insérer valeur entre 0.01 et 100.0 (Certaines valeurs peuvent geler le joueur. Utilisez nombres arrondis)","輸入0.01到100.0之間的數值（某些特定數值會導致玩家凍結且無法控制。建議使用整數）","0.01から100.0の値を入力（特定の値はプレイヤーを凍結させる可能性があります。整数を使用してください）","Insira valor entre 0.01 e 100.0 (Alguns valores podem congelar o jogador. Use números arredondados)","输入0.01到100.0之间的数值（某些特定数值会导致玩家冻结且无法控制。建议使用整数）",
"VSTR_NOTIFY_SCALE_CHANGED","Player {1} changed scale to {2}","Spieler {1} Größe geändert auf {2}","Player {1} changed scale to {2}","Hráč {1} změnil velikost na {2}","Игрок {1} изменил размер на {2}","Gracz {1} zmienił skalę na {2}","Játékos {1} mérete változott {2}","Giocatore {1} scala cambiata a {2}","Jugador {1} cambió escala a {2}","Joueur {1} échelle changée à {2}","玩家 {1} 體型已更改為 {2}","プレイヤー {1} のスケールを {2} に変更","Jogador {1} alterou escala para {2}","玩家 {1} 体型已更改为 {2}",
"VSTR_NOTIFY_VOMIT","Player {1} is vomiting for {2} seconds!","Spieler {1} erbricht sich für {2} Sekunden!","Player {1} is vomiting for {2} seconds!","Hráč {1} zvrací po dobu {2} sekund!","Игрок {1} рвёт в течение {2} секунд!","Gracz {1} wymiotuje przez {2} sekund!","Játékos {1} hány {2} másodpercig!","Giocatore {1} vomita per {2} secondi!","Jugador {1} vomitando durante {2} segundos!","Joueur {1} vomit pendant {2} secondes!","玩家 {1} 正在嘔吐 {2} 秒！","プレイヤー {1} が {2} 秒間嘔吐しています！","Jogador {1} vomitando por {2} segundos!","玩家 {1} 正在呕吐 {2} 秒！",
"VSTR_NOTIFY_SPECTATE_SELF","You can't spectate your self!","Du kannst dich nicht selbst beobachten!","You can't spectate your self!","Nemůžete sledovat sám sebe!","Вы не можете наблюдать за собой!","Nie możesz obserwować samego siebie!","Nem figyelheted meg önmagad!","Non puoi osservare te stesso!","¡No puedes observarte a ti mismo!","Vous ne pouvez pas vous observer!","您無法觀戰自己！","自分自身を観戦できません！","Você não pode observar a si mesmo!","您无法观战自己！",
"VSTR_NOTIFY_FREEZE_ON","Freeze Controls Set to [ TRUE ] for [{1}] player(s)","Bewegungssteuerung AKTIVIERT für [{1}] Spieler","Freeze Controls Set to [ TRUE ] for [{1}] player(s)","Ovládání zmrazeno ZAPNUTO pro [{1}] hráčů","Блокировка управления ВКЛЮЧЕНА для [{1}] игрока(ов)","Zamrożenie sterowania WŁĄCZONE dla [{1}] gracza(y)","Mozgás befagyasztva BEKAPCSOLVA [{1}] játékos(ok)nak","Controlli congelati ATTIVATI per [{1}] giocatore(i)","Controles congelados ACTIVADOS para [{1}] jugador(es)","Contrôles gelés ACTIVÉS pour [{1}] joueur(s)","已凍結 [{1}] 名玩家的控制權","[{1}] 名のプレイヤーの操作を凍結しました","Controles congelados ATIVADOS para [{1}] jogador(es)","已冻结 [{1}] 名玩家的控制权",
"VSTR_NOTIFY_FREEZE_OFF","Freeze Controls Set to [ FALSE ] for [{1}] player(s)","Bewegungssteuerung DEAKTIVIERT für [{1}] Spieler","Freeze Controls Set to [ FALSE ] for [{1}] player(s)","Ovládání zmrazeno VYPNUTO pro [{1}] hráčů","Блокировка управления ВЫКЛЮЧЕНА для [{1}] игрока(ов)","Zamrożenie sterowania WYŁĄCZONE dla [{1}] gracza(y)","Mozgás befagyasztva KIKAPCSOLVA [{1}] játékos(ok)nak","Controlli congelati DISATTIVATI per [{1}] giocatore(i)","Controles congelados DESACTIVADOS para [{1}] jugador(es)","Contrôles gelés DÉSACTIVÉS pour [{1}] joueur(s)","已解除 [{1}] 名玩家的控制凍結","[{1}] 名のプレイヤーの操作凍結を解除しました","Controles congelados DESATIVADOS para [{1}] jogador(es)","已解除 [{1}] 名玩家的控制冻结",
"VSTR_NOTIFY_INVIS_ON","Invisibility Set to [ TRUE ] for [{1}] player(s)","Unsichtbarkeit AKTIVIERT für [{1}] Spieler","Invisibility Set to [ TRUE ] for [{1}] player(s)","Neviditelnost ZAPNUTA pro [{1}] hráčů","Невидимость ВКЛЮЧЕНА для [{1}] игрока(ов)","Niewidzialność WŁĄCZONA dla [{1}] gracza(y)","Láthatatlanság BEKAPCSOLVA [{1}] játékos(ok)nak","Invisibilità ATTIVATA per [{1}] giocatore(i)","Invisibilidad ACTIVADA para [{1}] jugador(es)","Invisibilité ACTIVÉE pour [{1}] joueur(s)","已啟用 [{1}] 名玩家的隱身","[{1}] 名のプレイヤーの透明化を有効にしました","Invisibilidade ATIVADA para [{1}] jogador(es)","已启用 [{1}] 名玩家的隐身",
"VSTR_NOTIFY_INVIS_OFF","Invisibility Set to [ FALSE ] for [{1}] player(s)","Unsichtbarkeit DEAKTIVIERT für [{1}] Spieler","Invisibility Set to [ FALSE ] for [{1}] player(s)","Neviditelnost VYPNUTA pro [{1}] hráčů","Невидимость ВЫКЛЮЧЕНА для [{1}] игрока(ов)","Niewidzialność WYŁĄCZONA dla [{1}] gracza(y)","Láthatatlanság KIKAPCSOLVA [{1}] játékos(ok)nak","Invisibilità DISATTIVATA per [{1}] giocatore(i)","Invisibilidad DESACTIVADA para [{1}] jugador(es)","Invisibilité DÉSACTIVÉE pour [{1}] joueur(s)","已停用 [{1}] 名玩家的隱身","[{1}] 名のプレイヤーの透明化を無効にしました","Invisibilidade DESATIVADA para [{1}] jogador(es)","已停用 [{1}] 名玩家的隐身",
